,Year,Month,Ward,Crime Count,Population,Crime Rate,Estimated Mean Income,Mean Temp (Â°C),Total Rain (mm),Total Snow (cm),Total Precip (mm)
0,2021,1,1.0,102,7929.0,12.864169504351116,122484.73,-5.012903225806451,0.0,0.0,0.7
1,2021,1,2.0,66,9756.0,6.7650676506765075,125593.48,-5.012903225806451,0.0,0.0,0.7
2,2021,1,3.0,77,6702.2307692307695,11.488712139471358,117574.23,-5.012903225806451,0.0,0.0,0.7
3,2021,1,4.0,159,4798.8,33.13328332083021,101800.18,-5.012903225806451,0.0,0.0,0.7
4,2021,1,5.0,250,5119.9,48.82907869294322,96028.92,-5.012903225806451,0.0,0.0,0.7
5,2021,1,6.0,94,5858.5,16.045062729367586,118715.29,-5.012903225806451,0.0,0.0,0.7
6,2021,1,7.0,324,4104.409090909091,78.9394996511512,97385.67,-5.012903225806451,0.0,0.0,0.7
7,2021,1,8.0,286,3937.3076923076924,72.63846830126013,105905.3,-5.012903225806451,0.0,0.0,0.7
8,2021,1,9.0,334,3336.5714285714284,100.10275732145915,86731.65,-5.012903225806451,0.0,0.0,0.7
9,2021,1,10.0,286,5229.368421052632,54.69111697095352,101744.58,-5.012903225806451,0.0,0.0,0.7
10,2021,1,11.0,175,3885.8275862068967,45.0354515525029,106499.65,-5.012903225806451,0.0,0.0,0.7
11,2021,1,12.0,65,7890.692307692308,8.2375534953548,108832.46,-5.012903225806451,0.0,0.0,0.7
12,2021,1,13.0,64,7499.692307692308,8.53368343316649,108758.98,-5.012903225806451,0.0,0.0,0.7
13,2021,1,14.0,54,6067.6,8.899729711912453,113770.84,-5.012903225806451,0.0,0.0,0.7
14,2021,2,1.0,68,7929.0,8.576113002900744,122484.73,-13.157142857142857,0.0,0.0,16.5
15,2021,2,2.0,39,9756.0,3.9975399753997536,125593.48,-13.157142857142857,0.0,0.0,16.5
16,2021,2,3.0,47,6702.2307692307695,7.0125905266903095,117574.23,-13.157142857142857,0.0,0.0,16.5
17,2021,2,4.0,125,4798.8,26.0481787113445,101800.18,-13.157142857142857,0.0,0.0,16.5
18,2021,2,5.0,183,5119.9,35.74288560323444,96028.92,-13.157142857142857,0.0,0.0,16.5
19,2021,2,6.0,82,5858.5,13.996756849022788,118715.29,-13.157142857142857,0.0,0.0,16.5
20,2021,2,7.0,248,4104.409090909091,60.42282689347376,97385.67,-13.157142857142857,0.0,0.0,16.5
21,2021,2,8.0,231,3937.3076923076924,58.66953208947934,105905.3,-13.157142857142857,0.0,0.0,16.5
22,2021,2,9.0,262,3336.5714285714284,78.52371981503683,86731.65,-13.157142857142857,0.0,0.0,16.5
23,2021,2,10.0,267,5229.368421052632,51.057791018337724,101744.58,-13.157142857142857,0.0,0.0,16.5
24,2021,2,11.0,149,3885.8275862068967,38.34447017898818,106499.65,-13.157142857142857,0.0,0.0,16.5
25,2021,2,12.0,50,7890.692307692308,6.336579611811385,108832.46,-13.157142857142857,0.0,0.0,16.5
26,2021,2,13.0,55,7499.692307692308,7.3336342003774515,108758.98,-13.157142857142857,0.0,0.0,16.5
27,2021,2,14.0,42,6067.6,6.92201199815413,113770.84,-13.157142857142857,0.0,0.0,16.5
28,2021,3,1.0,79,7929.0,9.963425400428806,122484.73,1.7967741935483872,0.0,0.0,4.2
29,2021,3,2.0,35,9756.0,3.5875358753587534,125593.48,1.7967741935483872,0.0,0.0,4.2
30,2021,3,3.0,73,6702.2307692307695,10.891895924433886,117574.23,1.7967741935483872,0.0,0.0,4.2
31,2021,3,4.0,162,4798.8,33.758439609902474,101800.18,1.7967741935483872,0.0,0.0,4.2
32,2021,3,5.0,178,5119.9,34.766304029375576,96028.92,1.7967741935483872,0.0,0.0,4.2
33,2021,3,6.0,90,5858.5,15.362294102585986,118715.29,1.7967741935483872,0.0,0.0,4.2
34,2021,3,7.0,348,4104.409090909091,84.78686999568092,97385.67,1.7967741935483872,0.0,0.0,4.2
35,2021,3,8.0,269,3937.3076923076924,68.32079710852788,105905.3,1.7967741935483872,0.0,0.0,4.2
36,2021,3,9.0,300,3336.5714285714284,89.91265627675972,86731.65,1.7967741935483872,0.0,0.0,4.2
37,2021,3,10.0,256,5229.368421052632,48.954286519454904,101744.58,1.7967741935483872,0.0,0.0,4.2
38,2021,3,11.0,171,3885.8275862068967,44.00606980273141,106499.65,1.7967741935483872,0.0,0.0,4.2
39,2021,3,12.0,71,7890.692307692308,8.997943048772166,108832.46,1.7967741935483872,0.0,0.0,4.2
40,2021,3,13.0,74,7499.692307692308,9.867071469598752,108758.98,1.7967741935483872,0.0,0.0,4.2
41,2021,3,14.0,64,6067.6,10.547827806711055,113770.84,1.7967741935483872,0.0,0.0,4.2
42,2021,4,1.0,71,7929.0,8.954470929499307,122484.73,4.010344827586207,0.0,0.0,11.7
43,2021,4,2.0,48,9756.0,4.920049200492005,125593.48,4.010344827586207,0.0,0.0,11.7
44,2021,4,3.0,70,6702.2307692307695,10.44428376315578,117574.23,4.010344827586207,0.0,0.0,11.7
45,2021,4,4.0,174,4798.8,36.25906476619155,101800.18,4.010344827586207,0.0,0.0,11.7
46,2021,4,5.0,190,5119.9,37.110099806636846,96028.92,4.010344827586207,0.0,0.0,11.7
47,2021,4,6.0,79,5858.5,13.484680378936588,118715.29,4.010344827586207,0.0,0.0,11.7
48,2021,4,7.0,356,4104.409090909091,86.7359934438575,97385.67,4.010344827586207,0.0,0.0,11.7
49,2021,4,8.0,306,3937.3076923076924,77.71808146918042,105905.3,4.010344827586207,0.0,0.0,11.7
50,2021,4,9.0,338,3336.5714285714284,101.30159273848261,86731.65,4.010344827586207,0.0,0.0,11.7
51,2021,4,10.0,241,5229.368421052632,46.08587129370559,101744.58,4.010344827586207,0.0,0.0,11.7
52,2021,4,11.0,168,3885.8275862068967,43.23403349040279,106499.65,4.010344827586207,0.0,0.0,11.7
53,2021,4,12.0,77,7890.692307692308,9.758332602189533,108832.46,4.010344827586207,0.0,0.0,11.7
54,2021,4,13.0,57,7499.692307692308,7.600311807663904,108758.98,4.010344827586207,0.0,0.0,11.7
55,2021,4,14.0,35,6067.6,5.7683433317951085,113770.84,4.010344827586207,0.0,0.0,11.7
56,2021,5,1.0,96,7929.0,12.107453651153993,122484.73,8.864516129032259,0.0,0.0,33.800000000000004
57,2021,5,2.0,72,9756.0,7.380073800738007,125593.48,8.864516129032259,0.0,0.0,33.800000000000004
58,2021,5,3.0,60,6702.2307692307695,8.952243225562096,117574.23,8.864516129032259,0.0,0.0,33.800000000000004
59,2021,5,4.0,159,4798.8,33.13328332083021,101800.18,8.864516129032259,0.0,0.0,33.800000000000004
60,2021,5,5.0,173,5119.9,33.78972245551671,96028.92,8.864516129032259,0.0,0.0,33.800000000000004
61,2021,5,6.0,87,5858.5,14.850217632499787,118715.29,8.864516129032259,0.0,0.0,33.800000000000004
62,2021,5,7.0,372,4104.409090909091,90.63424034021064,97385.67,8.864516129032259,0.0,0.0,33.800000000000004
63,2021,5,8.0,297,3937.3076923076924,75.4322555436163,105905.3,8.864516129032259,0.0,0.0,33.800000000000004
64,2021,5,9.0,305,3336.5714285714284,91.41120054803906,86731.65,8.864516129032259,0.0,0.0,33.800000000000004
65,2021,5,10.0,233,5229.368421052632,44.55604983997263,101744.58,8.864516129032259,0.0,0.0,33.800000000000004
66,2021,5,11.0,155,3885.8275862068967,39.88854280364543,106499.65,8.864516129032259,0.0,0.0,33.800000000000004
67,2021,5,12.0,68,7890.692307692308,8.617748272063482,108832.46,8.864516129032259,0.0,0.0,33.800000000000004
68,2021,5,13.0,68,7499.692307692308,9.067038647739395,108758.98,8.864516129032259,0.0,0.0,33.800000000000004
69,2021,5,14.0,63,6067.6,10.383017997231194,113770.84,8.864516129032259,0.0,0.0,33.800000000000004
70,2021,6,1.0,96,7929.0,12.107453651153993,122484.73,17.0,0.0,0.0,24.9
71,2021,6,2.0,40,9756.0,4.100041000410004,125593.48,17.0,0.0,0.0,24.9
72,2021,6,3.0,50,6702.2307692307695,7.460202687968414,117574.23,17.0,0.0,0.0,24.9
73,2021,6,4.0,178,4798.8,37.09260648495457,101800.18,17.0,0.0,0.0,24.9
74,2021,6,5.0,195,5119.9,38.08668138049572,96028.92,17.0,0.0,0.0,24.9
75,2021,6,6.0,93,5858.5,15.874370572672186,118715.29,17.0,0.0,0.0,24.9
76,2021,6,7.0,369,4104.409090909091,89.90331904714442,97385.67,17.0,0.0,0.0,24.9
77,2021,6,8.0,324,3937.3076923076924,82.28973332030868,105905.3,17.0,0.0,0.0,24.9
78,2021,6,9.0,330,3336.5714285714284,98.9039219044357,86731.65,17.0,0.0,0.0,24.9
79,2021,6,10.0,221,5229.368421052632,42.26131765937318,101744.58,17.0,0.0,0.0,24.9
80,2021,6,11.0,162,3885.8275862068967,41.68996086574554,106499.65,17.0,0.0,0.0,24.9
81,2021,6,12.0,66,7890.692307692308,8.364285087591027,108832.46,17.0,0.0,0.0,24.9
82,2021,6,13.0,58,7499.692307692308,7.733650611307131,108758.98,17.0,0.0,0.0,24.9
83,2021,6,14.0,56,6067.6,9.229349330872173,113770.84,17.0,0.0,0.0,24.9
84,2021,7,1.0,114,7929.0,14.377601210745366,122484.73,19.35483870967742,0.0,0.0,56.1
85,2021,7,2.0,59,9756.0,6.047560475604755,125593.48,19.35483870967742,0.0,0.0,56.1
86,2021,7,3.0,47,6702.2307692307695,7.0125905266903095,117574.23,19.35483870967742,0.0,0.0,56.1
87,2021,7,4.0,176,4798.8,36.67583562557306,101800.18,19.35483870967742,0.0,0.0,56.1
88,2021,7,5.0,166,5119.9,32.422508252114305,96028.92,19.35483870967742,0.0,0.0,56.1
89,2021,7,6.0,107,5858.5,18.264060766407784,118715.29,19.35483870967742,0.0,0.0,56.1
90,2021,7,7.0,394,4104.409090909091,95.9943298226962,97385.67,19.35483870967742,0.0,0.0,56.1
91,2021,7,8.0,415,3937.3076923076924,105.401973234346,105905.3,19.35483870967742,0.0,0.0,56.1
92,2021,7,9.0,404,3336.5714285714284,121.08237711936975,86731.65,19.35483870967742,0.0,0.0,56.1
93,2021,7,10.0,267,5229.368421052632,51.057791018337724,101744.58,19.35483870967742,0.0,0.0,56.1
94,2021,7,11.0,240,3885.8275862068967,61.7629049862897,106499.65,19.35483870967742,0.0,0.0,56.1
95,2021,7,12.0,73,7890.692307692308,9.251406233244621,108832.46,19.35483870967742,0.0,0.0,56.1
96,2021,7,13.0,76,7499.692307692308,10.133749076885206,108758.98,19.35483870967742,0.0,0.0,56.1
97,2021,7,14.0,54,6067.6,8.899729711912453,113770.84,19.35483870967742,0.0,0.0,56.1
98,2021,8,1.0,97,7929.0,12.23357296002018,122484.73,16.596774193548388,0.0,0.0,70.2
99,2021,8,2.0,61,9756.0,6.252562525625256,125593.48,16.596774193548388,0.0,0.0,70.2
100,2021,8,3.0,55,6702.2307692307695,8.206222956765256,117574.23,16.596774193548388,0.0,0.0,70.2
101,2021,8,4.0,175,4798.8,36.4674501958823,101800.18,16.596774193548388,0.0,0.0,70.2
102,2021,8,5.0,217,5119.9,42.38364030547472,96028.92,16.596774193548388,0.0,0.0,70.2
103,2021,8,6.0,95,5858.5,16.215754886062985,118715.29,16.596774193548388,0.0,0.0,70.2
104,2021,8,7.0,384,4104.409090909091,93.55792551247549,97385.67,16.596774193548388,0.0,0.0,70.2
105,2021,8,8.0,411,3937.3076923076924,104.38605060076193,105905.3,16.596774193548388,0.0,0.0,70.2
106,2021,8,9.0,464,3336.5714285714284,139.0649083747217,86731.65,16.596774193548388,0.0,0.0,70.2
107,2021,8,10.0,251,5229.368421052632,47.998148110871796,101744.58,16.596774193548388,0.0,0.0,70.2
108,2021,8,11.0,209,3885.8275862068967,53.785196425560606,106499.65,16.596774193548388,0.0,0.0,70.2
109,2021,8,12.0,98,7890.692307692308,12.419696039150313,108832.46,16.596774193548388,0.0,0.0,70.2
110,2021,8,13.0,95,7499.692307692308,12.667186346106506,108758.98,16.596774193548388,0.0,0.0,70.2
111,2021,8,14.0,68,6067.6,11.207067044630497,113770.84,16.596774193548388,0.0,0.0,70.2
112,2021,9,1.0,98,7929.0,12.359692268886366,122484.73,12.906666666666666,0.0,0.0,14.5
113,2021,9,2.0,64,9756.0,6.5600656006560065,125593.48,12.906666666666666,0.0,0.0,14.5
114,2021,9,3.0,54,6702.2307692307695,8.057018903005888,117574.23,12.906666666666666,0.0,0.0,14.5
115,2021,9,4.0,188,4798.8,39.17646078186213,101800.18,12.906666666666666,0.0,0.0,14.5
116,2021,9,5.0,209,5119.9,40.821109787300536,96028.92,12.906666666666666,0.0,0.0,14.5
117,2021,9,6.0,106,5858.5,18.093368609712382,118715.29,12.906666666666666,0.0,0.0,14.5
118,2021,9,7.0,406,4104.409090909091,98.91801499496107,97385.67,12.906666666666666,0.0,0.0,14.5
119,2021,9,8.0,365,3937.3076923076924,92.70294031454527,105905.3,12.906666666666666,0.0,0.0,14.5
120,2021,9,9.0,410,3336.5714285714284,122.88063024490495,86731.65,12.906666666666666,0.0,0.0,14.5
121,2021,9,10.0,256,5229.368421052632,48.954286519454904,101744.58,12.906666666666666,0.0,0.0,14.5
122,2021,9,11.0,197,3885.8275862068967,50.69705117624613,106499.65,12.906666666666666,0.0,0.0,14.5
123,2021,9,12.0,106,7890.692307692308,13.433548777040135,108832.46,12.906666666666666,0.0,0.0,14.5
124,2021,9,13.0,85,7499.692307692308,11.333798309674243,108758.98,12.906666666666666,0.0,0.0,14.5
125,2021,9,14.0,51,6067.6,8.40530028347287,113770.84,12.906666666666666,0.0,0.0,14.5
126,2021,10,1.0,85,7929.0,10.72014125362593,122484.73,5.32258064516129,0.0,0.0,29.900000000000002
127,2021,10,2.0,57,9756.0,5.842558425584255,125593.48,5.32258064516129,0.0,0.0,29.900000000000002
128,2021,10,3.0,75,6702.2307692307695,11.190304031952621,117574.23,5.32258064516129,0.0,0.0,29.900000000000002
129,2021,10,4.0,174,4798.8,36.25906476619155,101800.18,5.32258064516129,0.0,0.0,29.900000000000002
130,2021,10,5.0,229,5119.9,44.72743608273599,96028.92,5.32258064516129,0.0,0.0,29.900000000000002
131,2021,10,6.0,131,5858.5,22.360672527097382,118715.29,5.32258064516129,0.0,0.0,29.900000000000002
132,2021,10,7.0,388,4104.409090909091,94.53248723656378,97385.67,5.32258064516129,0.0,0.0,29.900000000000002
133,2021,10,8.0,348,3937.3076923076924,88.38526912181304,105905.3,5.32258064516129,0.0,0.0,29.900000000000002
134,2021,10,9.0,341,3336.5714285714284,102.20071930125022,86731.65,5.32258064516129,0.0,0.0,29.900000000000002
135,2021,10,10.0,284,5229.368421052632,54.30866160752028,101744.58,5.32258064516129,0.0,0.0,29.900000000000002
136,2021,10,11.0,195,3885.8275862068967,50.182360301360376,106499.65,5.32258064516129,0.0,0.0,29.900000000000002
137,2021,10,12.0,102,7890.692307692308,12.926622408095225,108832.46,5.32258064516129,0.0,0.0,29.900000000000002
138,2021,10,13.0,78,7499.692307692308,10.400426684171657,108758.98,5.32258064516129,0.0,0.0,29.900000000000002
139,2021,10,14.0,59,6067.6,9.723778759311752,113770.84,5.32258064516129,0.0,0.0,29.900000000000002
140,2021,11,1.0,126,7929.0,15.891032917139613,122484.73,1.3655172413793104,0.0,0.0,2.0
141,2021,11,2.0,62,9756.0,6.355063550635506,125593.48,1.3655172413793104,0.0,0.0,2.0
142,2021,11,3.0,64,6702.2307692307695,9.54905944059957,117574.23,1.3655172413793104,0.0,0.0,2.0
143,2021,11,4.0,167,4798.8,34.800366758356255,101800.18,1.3655172413793104,0.0,0.0,2.0
144,2021,11,5.0,209,5119.9,40.821109787300536,96028.92,1.3655172413793104,0.0,0.0,2.0
145,2021,11,6.0,100,5858.5,17.069215669539986,118715.29,1.3655172413793104,0.0,0.0,2.0
146,2021,11,7.0,411,4104.409090909091,100.13621715007143,97385.67,1.3655172413793104,0.0,0.0,2.0
147,2021,11,8.0,290,3937.3076923076924,73.65439093484419,105905.3,1.3655172413793104,0.0,0.0,2.0
148,2021,11,9.0,324,3336.5714285714284,97.10566877890051,86731.65,1.3655172413793104,0.0,0.0,2.0
149,2021,11,10.0,303,5229.368421052632,57.94198756013607,101744.58,1.3655172413793104,0.0,0.0,2.0
150,2021,11,11.0,242,3885.8275862068967,62.27759586117544,106499.65,1.3655172413793104,0.0,0.0,2.0
151,2021,11,12.0,113,7890.692307692308,14.320669922693728,108832.46,1.3655172413793104,0.0,0.0,2.0
152,2021,11,13.0,101,7499.692307692308,13.467219167965865,108758.98,1.3655172413793104,0.0,0.0,2.0
153,2021,11,14.0,89,6067.6,14.66807304370756,113770.84,1.3655172413793104,0.0,0.0,2.0
154,2021,12,1.0,106,7929.0,13.368646739815865,122484.73,-13.093548387096773,0.0,0.0,12.4
155,2021,12,2.0,76,9756.0,7.790077900779008,125593.48,-13.093548387096773,0.0,0.0,12.4
156,2021,12,3.0,51,6702.2307692307695,7.609406741727782,117574.23,-13.093548387096773,0.0,0.0,12.4
157,2021,12,4.0,206,4798.8,42.92739851629574,101800.18,-13.093548387096773,0.0,0.0,12.4
158,2021,12,5.0,243,5119.9,47.461864489540815,96028.92,-13.093548387096773,0.0,0.0,12.4
159,2021,12,6.0,103,5858.5,17.581292139626186,118715.29,-13.093548387096773,0.0,0.0,12.4
160,2021,12,7.0,327,4104.409090909091,79.67042094421741,97385.67,-13.093548387096773,0.0,0.0,12.4
161,2021,12,8.0,284,3937.3076923076924,72.1305069844681,105905.3,-13.093548387096773,0.0,0.0,12.4
162,2021,12,9.0,318,3336.5714285714284,95.30741565336531,86731.65,-13.093548387096773,0.0,0.0,12.4
163,2021,12,10.0,289,5229.368421052632,55.264800016103386,101744.58,-13.093548387096773,0.0,0.0,12.4
164,2021,12,11.0,195,3885.8275862068967,50.182360301360376,106499.65,-13.093548387096773,0.0,0.0,12.4
165,2021,12,12.0,76,7890.692307692308,9.631601009953304,108832.46,-13.093548387096773,0.0,0.0,12.4
166,2021,12,13.0,67,7499.692307692308,8.933699844096168,108758.98,-13.093548387096773,0.0,0.0,12.4
167,2021,12,14.0,58,6067.6,9.558968949831893,113770.84,-13.093548387096773,0.0,0.0,12.4
168,2022,1,1.0,154,8206.375,18.7658984630851,122484.73,-5.674193548387097,0.0,0.0,1.1
169,2022,1,2.0,97,10097.15,9.606671189395028,125593.48,-5.674193548387097,0.0,0.0,1.1
170,2022,1,3.0,65,6936.653846153846,9.370512273153206,117574.23,-5.674193548387097,0.0,0.0,1.1
171,2022,1,4.0,229,4966.575,46.10823354122308,101800.18,-5.674193548387097,0.0,0.0,1.1
172,2022,1,5.0,238,5298.9,44.91498235482836,96028.92,-5.674193548387097,0.0,0.0,1.1
173,2022,1,6.0,113,6063.333333333333,18.63661352391424,118715.29,-5.674193548387097,0.0,0.0,1.1
174,2022,1,7.0,375,4247.840909090909,88.28014231829003,97385.67,-5.674193548387097,0.0,0.0,1.1
175,2022,1,8.0,342,4074.8653846153848,83.92915292152172,105905.3,-5.674193548387097,0.0,0.0,1.1
176,2022,1,9.0,393,3453.1964285714284,113.8076006184746,86731.65,-5.674193548387097,0.0,0.0,1.1
177,2022,1,10.0,332,5412.263157894737,61.34217614967958,101744.58,-5.674193548387097,0.0,0.0,1.1
178,2022,1,11.0,256,4021.6724137931033,63.6551100288523,106499.65,-5.674193548387097,0.0,0.0,1.1
179,2022,1,12.0,97,8166.7307692307695,11.877457790755175,108832.46,-5.674193548387097,0.0,0.0,1.1
180,2022,1,13.0,86,7761.884615384615,11.079783359513204,108758.98,-5.674193548387097,0.0,0.0,1.1
181,2022,1,14.0,57,6279.766666666666,9.076770368325787,113770.84,-5.674193548387097,0.0,0.0,1.1
182,2022,2,1.0,119,8206.375,14.50092153965667,122484.73,-4.771428571428571,0.0,0.0,13.9
183,2022,2,2.0,86,10097.15,8.517254868948168,125593.48,-4.771428571428571,0.0,0.0,13.9
184,2022,2,3.0,78,6936.653846153846,11.244614727783848,117574.23,-4.771428571428571,0.0,0.0,13.9
185,2022,2,4.0,211,4966.575,42.48400557728415,101800.18,-4.771428571428571,0.0,0.0,13.9
186,2022,2,5.0,214,5298.9,40.38574043669441,96028.92,-4.771428571428571,0.0,0.0,13.9
187,2022,2,6.0,119,6063.333333333333,19.626168224299064,118715.29,-4.771428571428571,0.0,0.0,13.9
188,2022,2,7.0,334,4247.840909090909,78.62818009149034,97385.67,-4.771428571428571,0.0,0.0,13.9
189,2022,2,8.0,258,4074.8653846153848,63.31497501097251,105905.3,-4.771428571428571,0.0,0.0,13.9
190,2022,2,9.0,393,3453.1964285714284,113.8076006184746,86731.65,-4.771428571428571,0.0,0.0,13.9
191,2022,2,10.0,312,5412.263157894737,57.64686433343382,101744.58,-4.771428571428571,0.0,0.0,13.9
192,2022,2,11.0,190,4021.6724137931033,47.24402697453881,106499.65,-4.771428571428571,0.0,0.0,13.9
193,2022,2,12.0,126,8166.7307692307695,15.428450326135588,108832.46,-4.771428571428571,0.0,0.0,13.9
194,2022,2,13.0,77,7761.884615384615,9.920271147471123,108758.98,-4.771428571428571,0.0,0.0,13.9
195,2022,2,14.0,81,6279.766666666666,12.898568418147173,113770.84,-4.771428571428571,0.0,0.0,13.9
196,2022,3,1.0,146,8206.375,17.79104659487289,122484.73,0.08709677419354851,0.0,0.0,6.7
197,2022,3,2.0,135,10097.15,13.370109387302358,125593.48,0.08709677419354851,0.0,0.0,6.7
198,2022,3,3.0,96,6936.653846153846,13.83952581881089,117574.23,0.08709677419354851,0.0,0.0,6.7
199,2022,3,4.0,230,4966.575,46.30957953921968,101800.18,0.08709677419354851,0.0,0.0,6.7
200,2022,3,5.0,260,5298.9,49.06678744645115,96028.92,0.08709677419354851,0.0,0.0,6.7
201,2022,3,6.0,155,6063.333333333333,25.56349642660803,118715.29,0.08709677419354851,0.0,0.0,6.7
202,2022,3,7.0,406,4247.840909090909,95.57796741660202,97385.67,0.08709677419354851,0.0,0.0,6.7
203,2022,3,8.0,346,4074.8653846153848,84.91078044107167,105905.3,0.08709677419354851,0.0,0.0,6.7
204,2022,3,9.0,439,3453.1964285714284,127.12859203946655,86731.65,0.08709677419354851,0.0,0.0,6.7
205,2022,3,10.0,394,5412.263157894737,72.79764278004143,101744.58,0.08709677419354851,0.0,0.0,6.7
206,2022,3,11.0,271,4021.6724137931033,67.38490163210537,106499.65,0.08709677419354851,0.0,0.0,6.7
207,2022,3,12.0,143,8166.7307692307695,17.51006663997928,108832.46,0.08709677419354851,0.0,0.0,6.7
208,2022,3,13.0,101,7761.884615384615,13.012303712916669,108758.98,0.08709677419354851,0.0,0.0,6.7
209,2022,3,14.0,97,6279.766666666666,15.446433784694761,113770.84,0.08709677419354851,0.0,0.0,6.7
210,2022,4,1.0,117,8206.375,14.257208572603616,122484.73,1.7433333333333332,0.0,0.0,24.400000000000002
211,2022,4,2.0,93,10097.15,9.210519800141626,125593.48,1.7433333333333332,0.0,0.0,24.400000000000002
212,2022,4,3.0,82,6936.653846153846,11.821261636900967,117574.23,1.7433333333333332,0.0,0.0,24.400000000000002
213,2022,4,4.0,194,4966.575,39.06112361134182,101800.18,1.7433333333333332,0.0,0.0,24.400000000000002
214,2022,4,5.0,212,5298.9,40.00830361018325,96028.92,1.7433333333333332,0.0,0.0,24.400000000000002
215,2022,4,6.0,73,6063.333333333333,12.039582188015393,118715.29,1.7433333333333332,0.0,0.0,24.400000000000002
216,2022,4,7.0,402,4247.840909090909,94.63631256520692,97385.67,1.7433333333333332,0.0,0.0,24.400000000000002
217,2022,4,8.0,282,4074.8653846153848,69.20474012827228,105905.3,1.7433333333333332,0.0,0.0,24.400000000000002
218,2022,4,9.0,433,3453.1964285714284,125.39107141933717,86731.65,1.7433333333333332,0.0,0.0,24.400000000000002
219,2022,4,10.0,390,5412.263157894737,72.05858041679228,101744.58,1.7433333333333332,0.0,0.0,24.400000000000002
220,2022,4,11.0,204,4021.6724137931033,50.725165804241676,106499.65,1.7433333333333332,0.0,0.0,24.400000000000002
221,2022,4,12.0,87,8166.7307692307695,10.652977606141238,108832.46,1.7433333333333332,0.0,0.0,24.400000000000002
222,2022,4,13.0,93,7761.884615384615,11.981626191101487,108758.98,1.7433333333333332,0.0,0.0,24.400000000000002
223,2022,4,14.0,86,6279.766666666666,13.694776345193294,113770.84,1.7433333333333332,0.0,0.0,24.400000000000002
224,2022,5,1.0,138,8206.375,16.816194726660676,122484.73,9.30967741935484,0.0,0.0,11.3
225,2022,5,2.0,94,10097.15,9.309557647454975,125593.48,9.30967741935484,0.0,0.0,11.3
226,2022,5,3.0,61,6936.653846153846,8.793865364036085,117574.23,9.30967741935484,0.0,0.0,11.3
227,2022,5,4.0,241,4966.575,48.52438551718236,101800.18,9.30967741935484,0.0,0.0,11.3
228,2022,5,5.0,212,5298.9,40.00830361018325,96028.92,9.30967741935484,0.0,0.0,11.3
229,2022,5,6.0,97,6063.333333333333,15.997800989554701,118715.29,9.30967741935484,0.0,0.0,11.3
230,2022,5,7.0,387,4247.840909090909,91.10510687247532,97385.67,9.30967741935484,0.0,0.0,11.3
231,2022,5,8.0,305,4074.8653846153848,74.84909836568457,105905.3,9.30967741935484,0.0,0.0,11.3
232,2022,5,9.0,427,3453.1964285714284,123.65355079920778,86731.65,9.30967741935484,0.0,0.0,11.3
233,2022,5,10.0,392,5412.263157894737,72.42811159841685,101744.58,9.30967741935484,0.0,0.0,11.3
234,2022,5,11.0,262,4021.6724137931033,65.14702667015352,106499.65,9.30967741935484,0.0,0.0,11.3
235,2022,5,12.0,136,8166.7307692307695,16.652930510749524,108832.46,9.30967741935484,0.0,0.0,11.3
236,2022,5,13.0,104,7761.884615384615,13.398807783597363,108758.98,9.30967741935484,0.0,0.0,11.3
237,2022,5,14.0,87,6279.766666666666,13.854017930602518,113770.84,9.30967741935484,0.0,0.0,11.3
238,2022,6,1.0,126,8206.375,15.353916924342357,122484.73,13.733333333333333,0.0,0.0,130.1
239,2022,6,2.0,77,10097.15,7.625914243128012,125593.48,13.733333333333333,0.0,0.0,130.1
240,2022,6,3.0,111,6936.653846153846,16.00195172800009,117574.23,13.733333333333333,0.0,0.0,130.1
241,2022,6,4.0,269,4966.575,54.16207346108737,101800.18,13.733333333333333,0.0,0.0,130.1
242,2022,6,5.0,196,5298.9,36.988808998093944,96028.92,13.733333333333333,0.0,0.0,130.1
243,2022,6,6.0,100,6063.333333333333,16.492578339747112,118715.29,13.733333333333333,0.0,0.0,130.1
244,2022,6,7.0,384,4247.840909090909,90.39886573392901,97385.67,13.733333333333333,0.0,0.0,130.1
245,2022,6,8.0,337,4074.8653846153848,82.70211852208426,105905.3,13.733333333333333,0.0,0.0,130.1
246,2022,6,9.0,463,3453.1964285714284,134.07867451998408,86731.65,13.733333333333333,0.0,0.0,130.1
247,2022,6,10.0,376,5412.263157894737,69.47186214542025,101744.58,13.733333333333333,0.0,0.0,130.1
248,2022,6,11.0,256,4021.6724137931033,63.6551100288523,106499.65,13.733333333333333,0.0,0.0,130.1
249,2022,6,12.0,126,8166.7307692307695,15.428450326135588,108832.46,13.733333333333333,0.0,0.0,130.1
250,2022,6,13.0,104,7761.884615384615,13.398807783597363,108758.98,13.733333333333333,0.0,0.0,130.1
251,2022,6,14.0,82,6279.766666666666,13.057810003556396,113770.84,13.733333333333333,0.0,0.0,130.1
252,2022,7,1.0,124,8206.375,15.110203957289302,122484.73,18.019354838709678,0.0,0.0,60.8
253,2022,7,2.0,79,10097.15,7.823989937754714,125593.48,18.019354838709678,0.0,0.0,60.8
254,2022,7,3.0,99,6936.653846153846,14.272011000648728,117574.23,18.019354838709678,0.0,0.0,60.8
255,2022,7,4.0,214,4966.575,43.088043571273964,101800.18,18.019354838709678,0.0,0.0,60.8
256,2022,7,5.0,166,5298.9,31.327256600426505,96028.92,18.019354838709678,0.0,0.0,60.8
257,2022,7,6.0,98,6063.333333333333,16.162726772952173,118715.29,18.019354838709678,0.0,0.0,60.8
258,2022,7,7.0,402,4247.840909090909,94.63631256520692,97385.67,18.019354838709678,0.0,0.0,60.8
259,2022,7,8.0,335,4074.8653846153848,82.21130476230927,105905.3,18.019354838709678,0.0,0.0,60.8
260,2022,7,9.0,415,3453.1964285714284,120.17850955894902,86731.65,18.019354838709678,0.0,0.0,60.8
261,2022,7,10.0,322,5412.263157894737,59.4945202415567,101744.58,18.019354838709678,0.0,0.0,60.8
262,2022,7,11.0,251,4021.6724137931033,62.41184616110128,106499.65,18.019354838709678,0.0,0.0,60.8
263,2022,7,12.0,111,8166.7307692307695,13.591730049214684,108832.46,18.019354838709678,0.0,0.0,60.8
264,2022,7,13.0,94,7761.884615384615,12.110460881328386,108758.98,18.019354838709678,0.0,0.0,60.8
265,2022,7,14.0,66,6279.766666666666,10.509944637008807,113770.84,18.019354838709678,0.0,0.0,60.8
266,2022,8,1.0,142,8206.375,17.30362066076678,122484.73,19.183870967741935,0.0,0.0,26.6
267,2022,8,2.0,80,10097.15,7.923027785068063,125593.48,19.183870967741935,0.0,0.0,26.6
268,2022,8,3.0,87,6936.653846153846,12.542070273297368,117574.23,19.183870967741935,0.0,0.0,26.6
269,2022,8,4.0,219,4966.575,44.094773561257,101800.18,19.183870967741935,0.0,0.0,26.6
270,2022,8,5.0,204,5298.9,38.4985563041386,96028.92,19.183870967741935,0.0,0.0,26.6
271,2022,8,6.0,96,6063.333333333333,15.83287520615723,118715.29,19.183870967741935,0.0,0.0,26.6
272,2022,8,7.0,385,4247.840909090909,90.63427944677778,97385.67,19.183870967741935,0.0,0.0,26.6
273,2022,8,8.0,349,4074.8653846153848,85.64700108073414,105905.3,19.183870967741935,0.0,0.0,26.6
274,2022,8,9.0,431,3453.1964285714284,124.81189787929404,86731.65,19.183870967741935,0.0,0.0,26.6
275,2022,8,10.0,407,5412.263157894737,75.19959546060117,101744.58,19.183870967741935,0.0,0.0,26.6
276,2022,8,11.0,244,4021.6724137931033,60.67127674624985,106499.65,19.183870967741935,0.0,0.0,26.6
277,2022,8,12.0,106,8166.7307692307695,12.979489956907717,108832.46,19.183870967741935,0.0,0.0,26.6
278,2022,8,13.0,99,7761.884615384615,12.754634332462874,108758.98,19.183870967741935,0.0,0.0,26.6
279,2022,8,14.0,95,6279.766666666666,15.127950613876312,113770.84,19.183870967741935,0.0,0.0,26.6
280,2022,9,1.0,122,8206.375,14.86649099023625,122484.73,14.433333333333334,0.0,0.0,10.7
281,2022,9,2.0,57,10097.15,5.6451572968609955,125593.48,14.433333333333334,0.0,0.0,10.7
282,2022,9,3.0,73,6936.653846153846,10.523806091387446,117574.23,14.433333333333334,0.0,0.0,10.7
283,2022,9,4.0,213,4966.575,42.88669757327736,101800.18,14.433333333333334,0.0,0.0,10.7
284,2022,9,5.0,179,5298.9,33.78059597274907,96028.92,14.433333333333334,0.0,0.0,10.7
285,2022,9,6.0,83,6063.333333333333,13.688840021990105,118715.29,14.433333333333334,0.0,0.0,10.7
286,2022,9,7.0,376,4247.840909090909,88.51555603113881,97385.67,14.433333333333334,0.0,0.0,10.7
287,2022,9,8.0,262,4074.8653846153848,64.29660253052248,105905.3,14.433333333333334,0.0,0.0,10.7
288,2022,9,9.0,378,3453.1964285714284,109.46379906815115,86731.65,14.433333333333334,0.0,0.0,10.7
289,2022,9,10.0,343,5412.263157894737,63.37459764861475,101744.58,14.433333333333334,0.0,0.0,10.7
290,2022,9,11.0,225,4021.6724137931033,55.94687404879597,106499.65,14.433333333333334,0.0,0.0,10.7
291,2022,9,12.0,78,8166.7307692307695,9.550945439988697,108832.46,14.433333333333334,0.0,0.0,10.7
292,2022,9,13.0,89,7761.884615384615,11.466287430193896,108758.98,14.433333333333334,0.0,0.0,10.7
293,2022,9,14.0,73,6279.766666666666,11.624635734873378,113770.84,14.433333333333334,0.0,0.0,10.7
294,2022,10,1.0,130,8206.375,15.841342858448463,122484.73,8.593548387096773,0.0,0.0,21.7
295,2022,10,2.0,68,10097.15,6.734573617307855,125593.48,8.593548387096773,0.0,0.0,21.7
296,2022,10,3.0,86,6936.653846153846,12.397908546018087,117574.23,8.593548387096773,0.0,0.0,21.7
297,2022,10,4.0,200,4966.575,40.26919959932147,101800.18,8.593548387096773,0.0,0.0,21.7
298,2022,10,5.0,210,5298.9,39.63086678367208,96028.92,8.593548387096773,0.0,0.0,21.7
299,2022,10,6.0,98,6063.333333333333,16.162726772952173,118715.29,8.593548387096773,0.0,0.0,21.7
300,2022,10,7.0,368,4247.840909090909,86.63224632834863,97385.67,8.593548387096773,0.0,0.0,21.7
301,2022,10,8.0,283,4074.8653846153848,69.45014700815979,105905.3,8.593548387096773,0.0,0.0,21.7
302,2022,10,9.0,389,3453.1964285714284,112.64925353838835,86731.65,8.593548387096773,0.0,0.0,21.7
303,2022,10,10.0,324,5412.263157894737,59.86405142318127,101744.58,8.593548387096773,0.0,0.0,21.7
304,2022,10,11.0,267,4021.6724137931033,66.39029053790455,106499.65,8.593548387096773,0.0,0.0,21.7
305,2022,10,12.0,92,8166.7307692307695,11.265217698448206,108832.46,8.593548387096773,0.0,0.0,21.7
306,2022,10,13.0,71,7761.884615384615,9.147263006109737,108758.98,8.593548387096773,0.0,0.0,21.7
307,2022,10,14.0,58,6279.766666666666,9.236011953735012,113770.84,8.593548387096773,0.0,0.0,21.7
308,2022,11,1.0,79,8206.375,9.626662198595605,122484.73,-6.444827586206896,0.0,0.0,15.3
309,2022,11,2.0,65,10097.15,6.437460075367802,125593.48,-6.444827586206896,0.0,0.0,15.3
310,2022,11,3.0,92,6936.653846153846,13.262878909693768,117574.23,-6.444827586206896,0.0,0.0,15.3
311,2022,11,4.0,179,4966.575,36.04093364139271,101800.18,-6.444827586206896,0.0,0.0,15.3
312,2022,11,5.0,184,5298.9,34.72418803902697,96028.92,-6.444827586206896,0.0,0.0,15.3
313,2022,11,6.0,46,6063.333333333333,7.586586036283673,118715.29,-6.444827586206896,0.0,0.0,15.3
314,2022,11,7.0,304,4247.840909090909,71.56576870602713,97385.67,-6.444827586206896,0.0,0.0,15.3
315,2022,11,8.0,274,4074.8653846153848,67.24148508917237,105905.3,-6.444827586206896,0.0,0.0,15.3
316,2022,11,9.0,338,3453.1964285714284,97.88032826728859,86731.65,-6.444827586206896,0.0,0.0,15.3
317,2022,11,10.0,294,5412.263157894737,54.321083698812636,101744.58,-6.444827586206896,0.0,0.0,15.3
318,2022,11,11.0,173,4021.6724137931033,43.01692982418534,106499.65,-6.444827586206896,0.0,0.0,15.3
319,2022,11,12.0,83,8166.7307692307695,10.163185532295664,108832.46,-6.444827586206896,0.0,0.0,15.3
320,2022,11,13.0,81,7761.884615384615,10.435609908378714,108758.98,-6.444827586206896,0.0,0.0,15.3
321,2022,11,14.0,37,6279.766666666666,5.8919386601413,113770.84,-6.444827586206896,0.0,0.0,15.3
322,2022,12,1.0,117,8206.375,14.257208572603616,122484.73,-12.248387096774193,0.0,0.0,8.4
323,2022,12,2.0,71,10097.15,7.031687159247906,125593.48,-12.248387096774193,0.0,0.0,8.4
324,2022,12,3.0,88,6936.653846153846,12.686232000576648,117574.23,-12.248387096774193,0.0,0.0,8.4
325,2022,12,4.0,168,4966.575,33.82612766343003,101800.18,-12.248387096774193,0.0,0.0,8.4
326,2022,12,5.0,218,5298.9,41.14061408971674,96028.92,-12.248387096774193,0.0,0.0,8.4
327,2022,12,6.0,92,6063.333333333333,15.173172072567345,118715.29,-12.248387096774193,0.0,0.0,8.4
328,2022,12,7.0,304,4247.840909090909,71.56576870602713,97385.67,-12.248387096774193,0.0,0.0,8.4
329,2022,12,8.0,207,4074.8653846153848,50.79922413671051,105905.3,-12.248387096774193,0.0,0.0,8.4
330,2022,12,9.0,353,3453.1964285714284,102.22412981761204,86731.65,-12.248387096774193,0.0,0.0,8.4
331,2022,12,10.0,312,5412.263157894737,57.64686433343382,101744.58,-12.248387096774193,0.0,0.0,8.4
332,2022,12,11.0,193,4021.6724137931033,47.98998529518943,106499.65,-12.248387096774193,0.0,0.0,8.4
333,2022,12,12.0,91,8166.7307692307695,11.142769679986813,108832.46,-12.248387096774193,0.0,0.0,8.4
334,2022,12,13.0,67,7761.884615384615,8.631924245202146,108758.98,-12.248387096774193,0.0,0.0,8.4
335,2022,12,14.0,71,6279.766666666666,11.306152564054928,113770.84,-12.248387096774193,0.0,0.0,8.4
336,2023,1,1.0,87,8493.416666666666,10.24322759784539,122484.73,-4.035483870967742,0.0,0.0,11.1
337,2023,1,2.0,83,10450.275,7.942374722196306,125593.48,-4.035483870967742,0.0,0.0,11.1
338,2023,1,3.0,70,7179.25,9.750322108855382,117574.23,-4.035483870967742,0.0,0.0,11.1
339,2023,1,4.0,162,5140.2,31.516283413096772,101800.18,-4.035483870967742,0.0,0.0,11.1
340,2023,1,5.0,206,5484.1875,37.56253775057837,96028.92,-4.035483870967742,0.0,0.0,11.1
341,2023,1,6.0,84,6275.319444444444,13.385772747292634,118715.29,-4.035483870967742,0.0,0.0,11.1
342,2023,1,7.0,341,4396.25,77.56610747796418,97385.67,-4.035483870967742,0.0,0.0,11.1
343,2023,1,8.0,276,4217.2307692307695,65.44579016489128,105905.3,-4.035483870967742,0.0,0.0,11.1
344,2023,1,9.0,312,3573.901785714286,87.29954506504245,86731.65,-4.035483870967742,0.0,0.0,11.1
345,2023,1,10.0,318,5601.539473684211,56.770107841594296,101744.58,-4.035483870967742,0.0,0.0,11.1
346,2023,1,11.0,240,4162.267241379311,57.66088193810154,106499.65,-4.035483870967742,0.0,0.0,11.1
347,2023,1,12.0,98,8452.423076923076,11.594308414064242,108832.46,-4.035483870967742,0.0,0.0,11.1
348,2023,1,13.0,71,8033.2307692307695,8.838287115060517,108758.98,-4.035483870967742,0.0,0.0,11.1
349,2023,1,14.0,74,6499.383333333333,11.385695565989593,113770.84,-4.035483870967742,0.0,0.0,11.1
350,2023,2,1.0,92,8493.416666666666,10.831918839100874,122484.73,-5.689285714285715,0.0,0.0,14.4
351,2023,2,2.0,64,10450.275,6.124240749645344,125593.48,-5.689285714285715,0.0,0.0,14.4
352,2023,2,3.0,58,7179.25,8.078838318765888,117574.23,-5.689285714285715,0.0,0.0,14.4
353,2023,2,4.0,135,5140.2,26.263569510913975,101800.18,-5.689285714285715,0.0,0.0,14.4
354,2023,2,5.0,230,5484.1875,41.93875574093701,96028.92,-5.689285714285715,0.0,0.0,14.4
355,2023,2,6.0,67,6275.319444444444,10.676747310340554,118715.29,-5.689285714285715,0.0,0.0,14.4
356,2023,2,7.0,308,4396.25,70.05970998009667,97385.67,-5.689285714285715,0.0,0.0,14.4
357,2023,2,8.0,184,4217.2307692307695,43.63052677659419,105905.3,-5.689285714285715,0.0,0.0,14.4
358,2023,2,9.0,295,3573.901785714286,82.54283908393438,86731.65,-5.689285714285715,0.0,0.0,14.4
359,2023,2,10.0,250,5601.539473684211,44.63058792578168,101744.58,-5.689285714285715,0.0,0.0,14.4
360,2023,2,11.0,185,4162.267241379311,44.4469298272866,106499.65,-5.689285714285715,0.0,0.0,14.4
361,2023,2,12.0,84,8452.423076923076,9.937978640626495,108832.46,-5.689285714285715,0.0,0.0,14.4
362,2023,2,13.0,73,8033.2307692307695,9.087252949287574,108758.98,-5.689285714285715,0.0,0.0,14.4
363,2023,2,14.0,54,6499.383333333333,8.308480548154568,113770.84,-5.689285714285715,0.0,0.0,14.4
364,2023,3,1.0,116,8493.416666666666,13.657636797127187,122484.73,-7.248387096774193,0.0,0.0,4.800000000000001
365,2023,3,2.0,83,10450.275,7.942374722196306,125593.48,-7.248387096774193,0.0,0.0,4.800000000000001
366,2023,3,3.0,71,7179.25,9.889612424696173,117574.23,-7.248387096774193,0.0,0.0,4.800000000000001
367,2023,3,4.0,168,5140.2,32.68355316913739,101800.18,-7.248387096774193,0.0,0.0,4.800000000000001
368,2023,3,5.0,268,5484.1875,48.86776755900487,96028.92,-7.248387096774193,0.0,0.0,4.800000000000001
369,2023,3,6.0,93,6275.319444444444,14.81996268450256,118715.29,-7.248387096774193,0.0,0.0,4.800000000000001
370,2023,3,7.0,319,4396.25,72.56184247938583,97385.67,-7.248387096774193,0.0,0.0,4.800000000000001
371,2023,3,8.0,263,4217.2307692307695,62.363198599153655,105905.3,-7.248387096774193,0.0,0.0,4.800000000000001
372,2023,3,9.0,362,3573.901785714286,101.28985677418387,86731.65,-7.248387096774193,0.0,0.0,4.800000000000001
373,2023,3,10.0,311,5601.539473684211,55.52045137967241,101744.58,-7.248387096774193,0.0,0.0,4.800000000000001
374,2023,3,11.0,245,4162.267241379311,58.86215031181198,106499.65,-7.248387096774193,0.0,0.0,4.800000000000001
375,2023,3,12.0,82,8452.423076923076,9.701360101563958,108832.46,-7.248387096774193,0.0,0.0,4.800000000000001
376,2023,3,13.0,120,8033.2307692307695,14.93795005362341,108758.98,-7.248387096774193,0.0,0.0,4.800000000000001
377,2023,3,14.0,53,6499.383333333333,8.154619797262816,113770.84,-7.248387096774193,0.0,0.0,4.800000000000001
378,2023,4,1.0,95,8493.416666666666,11.185133583854164,122484.73,4.323333333333333,0.0,0.0,6.299999999999999
379,2023,4,2.0,51,10450.275,4.880254347373634,125593.48,4.323333333333333,0.0,0.0,6.299999999999999
380,2023,4,3.0,80,7179.25,11.143225267263293,117574.23,4.323333333333333,0.0,0.0,6.299999999999999
381,2023,4,4.0,160,5140.2,31.12719349441656,101800.18,4.323333333333333,0.0,0.0,6.299999999999999
382,2023,4,5.0,181,5484.1875,33.00397734395478,96028.92,4.323333333333333,0.0,0.0,6.299999999999999
383,2023,4,6.0,66,6275.319444444444,10.517392872872785,118715.29,4.323333333333333,0.0,0.0,6.299999999999999
384,2023,4,7.0,313,4396.25,71.19704293431903,97385.67,4.323333333333333,0.0,0.0,6.299999999999999
385,2023,4,8.0,285,4217.2307692307695,67.57989201809427,105905.3,4.323333333333333,0.0,0.0,6.299999999999999
386,2023,4,9.0,311,3573.901785714286,87.01973883085964,86731.65,4.323333333333333,0.0,0.0,6.299999999999999
387,2023,4,10.0,298,5601.539473684211,53.19966080753176,101744.58,4.323333333333333,0.0,0.0,6.299999999999999
388,2023,4,11.0,199,4162.267241379311,47.810481273675855,106499.65,4.323333333333333,0.0,0.0,6.299999999999999
389,2023,4,12.0,100,8452.423076923076,11.830926953126779,108832.46,4.323333333333333,0.0,0.0,6.299999999999999
390,2023,4,13.0,101,8033.2307692307695,12.57277462846637,108758.98,4.323333333333333,0.0,0.0,6.299999999999999
391,2023,4,14.0,70,6499.383333333333,10.770252562422588,113770.84,4.323333333333333,0.0,0.0,6.299999999999999
392,2023,5,1.0,79,8493.416666666666,9.301321611836618,122484.73,14.296774193548387,0.0,0.0,25.0
393,2023,5,2.0,65,10450.275,6.219932011358553,125593.48,14.296774193548387,0.0,0.0,25.0
394,2023,5,3.0,70,7179.25,9.750322108855382,117574.23,14.296774193548387,0.0,0.0,25.0
395,2023,5,4.0,127,5140.2,24.707209836193147,101800.18,14.296774193548387,0.0,0.0,25.0
396,2023,5,5.0,193,5484.1875,35.1920863391341,96028.92,14.296774193548387,0.0,0.0,25.0
397,2023,5,6.0,113,6275.319444444444,18.00705143385795,118715.29,14.296774193548387,0.0,0.0,25.0
398,2023,5,7.0,397,4396.25,90.30423656525448,97385.67,14.296774193548387,0.0,0.0,25.0
399,2023,5,8.0,303,4217.2307692307695,71.84809572450021,105905.3,14.296774193548387,0.0,0.0,25.0
400,2023,5,9.0,385,3573.901785714286,107.72540016038893,86731.65,14.296774193548387,0.0,0.0,25.0
401,2023,5,10.0,329,5601.539473684211,58.73385371032869,101744.58,14.296774193548387,0.0,0.0,25.0
402,2023,5,11.0,206,4162.267241379311,49.49225699687049,106499.65,14.296774193548387,0.0,0.0,25.0
403,2023,5,12.0,122,8452.423076923076,14.43373088281467,108832.46,14.296774193548387,0.0,0.0,25.0
404,2023,5,13.0,77,8033.2307692307695,9.585184617741687,108758.98,14.296774193548387,0.0,0.0,25.0
405,2023,5,14.0,69,6499.383333333333,10.616391811530839,113770.84,14.296774193548387,0.0,0.0,25.0
406,2023,6,1.0,112,8493.416666666666,13.186683804122802,122484.73,15.623333333333333,0.0,0.0,62.4
407,2023,6,2.0,59,10450.275,5.645784441079302,125593.48,15.623333333333333,0.0,0.0,62.4
408,2023,6,3.0,77,7179.25,10.725354319740921,117574.23,15.623333333333333,0.0,0.0,62.4
409,2023,6,4.0,155,5140.2,30.154468697716045,101800.18,15.623333333333333,0.0,0.0,62.4
410,2023,6,5.0,220,5484.1875,40.115331578287574,96028.92,15.623333333333333,0.0,0.0,62.4
411,2023,6,6.0,94,6275.319444444444,14.979317121970329,118715.29,15.623333333333333,0.0,0.0,62.4
412,2023,6,7.0,378,4396.25,85.98237133920955,97385.67,15.623333333333333,0.0,0.0,62.4
413,2023,6,8.0,334,4217.2307692307695,79.1988909966438,105905.3,15.623333333333333,0.0,0.0,62.4
414,2023,6,9.0,374,3573.901785714286,104.64753158437782,86731.65,15.623333333333333,0.0,0.0,62.4
415,2023,6,10.0,307,5601.539473684211,54.806361972859904,101744.58,15.623333333333333,0.0,0.0,62.4
416,2023,6,11.0,233,4162.267241379311,55.979106214906906,106499.65,15.623333333333333,0.0,0.0,62.4
417,2023,6,12.0,123,8452.423076923076,14.552040152345937,108832.46,15.623333333333333,0.0,0.0,62.4
418,2023,6,13.0,79,8033.2307692307695,9.834150451968744,108758.98,15.623333333333333,0.0,0.0,62.4
419,2023,6,14.0,57,6499.383333333333,8.770062800829823,113770.84,15.623333333333333,0.0,0.0,62.4
420,2023,7,1.0,82,8493.416666666666,9.654536356589908,122484.73,17.80322580645161,0.0,0.0,41.5
421,2023,7,2.0,52,10450.275,4.975945609086843,125593.48,17.80322580645161,0.0,0.0,41.5
422,2023,7,3.0,72,7179.25,10.028902740536964,117574.23,17.80322580645161,0.0,0.0,41.5
423,2023,7,4.0,144,5140.2,28.014474144974905,101800.18,17.80322580645161,0.0,0.0,41.5
424,2023,7,5.0,212,5484.1875,38.65659224816803,96028.92,17.80322580645161,0.0,0.0,41.5
425,2023,7,6.0,91,6275.319444444444,14.501253809567022,118715.29,17.80322580645161,0.0,0.0,41.5
426,2023,7,7.0,416,4396.25,94.6261017912994,97385.67,17.80322580645161,0.0,0.0,41.5
427,2023,7,8.0,311,4217.2307692307695,73.74507514956953,105905.3,17.80322580645161,0.0,0.0,41.5
428,2023,7,9.0,366,3573.901785714286,102.40908171091519,86731.65,17.80322580645161,0.0,0.0,41.5
429,2023,7,10.0,251,5601.539473684211,44.809110277484805,101744.58,17.80322580645161,0.0,0.0,41.5
430,2023,7,11.0,224,4162.267241379311,53.816823142228095,106499.65,17.80322580645161,0.0,0.0,41.5
431,2023,7,12.0,96,8452.423076923076,11.357689875001707,108832.46,17.80322580645161,0.0,0.0,41.5
432,2023,7,13.0,77,8033.2307692307695,9.585184617741687,108758.98,17.80322580645161,0.0,0.0,41.5
433,2023,7,14.0,73,6499.383333333333,11.231834815097843,113770.84,17.80322580645161,0.0,0.0,41.5
434,2023,8,1.0,81,8493.416666666666,9.536798108338813,122484.73,17.780645161290323,0.0,0.0,43.1
435,2023,8,2.0,43,10450.275,4.1147242536679665,125593.48,17.780645161290323,0.0,0.0,43.1
436,2023,8,3.0,77,7179.25,10.725354319740921,117574.23,17.780645161290323,0.0,0.0,43.1
437,2023,8,4.0,138,5140.2,26.847204388934284,101800.18,17.780645161290323,0.0,0.0,43.1
438,2023,8,5.0,186,5484.1875,33.915689425279496,96028.92,17.780645161290323,0.0,0.0,43.1
439,2023,8,6.0,82,6275.319444444444,13.067063872357096,118715.29,17.780645161290323,0.0,0.0,43.1
440,2023,8,7.0,382,4396.25,86.89223770258744,97385.67,17.780645161290323,0.0,0.0,43.1
441,2023,8,8.0,294,4217.2307692307695,69.71399387129723,105905.3,17.780645161290323,0.0,0.0,43.1
442,2023,8,9.0,412,3573.901785714286,115.2801684833253,86731.65,17.780645161290323,0.0,0.0,43.1
443,2023,8,10.0,251,5601.539473684211,44.809110277484805,101744.58,17.780645161290323,0.0,0.0,43.1
444,2023,8,11.0,217,4162.267241379311,52.13504741903347,106499.65,17.780645161290323,0.0,0.0,43.1
445,2023,8,12.0,89,8452.423076923076,10.529524988282832,108832.46,17.780645161290323,0.0,0.0,43.1
446,2023,8,13.0,76,8033.2307692307695,9.46070170062816,108758.98,17.780645161290323,0.0,0.0,43.1
447,2023,8,14.0,92,6499.383333333333,14.155189082041117,113770.84,17.780645161290323,0.0,0.0,43.1
448,2023,9,1.0,80,8493.416666666666,9.419059860087716,122484.73,13.206666666666667,0.0,0.0,16.4
449,2023,9,2.0,55,10450.275,5.263019394226468,125593.48,13.206666666666667,0.0,0.0,16.4
450,2023,9,3.0,96,7179.25,13.371870320715953,117574.23,13.206666666666667,0.0,0.0,16.4
451,2023,9,4.0,157,5140.2,30.54355861639625,101800.18,13.206666666666667,0.0,0.0,16.4
452,2023,9,5.0,196,5484.1875,35.739113587928934,96028.92,13.206666666666667,0.0,0.0,16.4
453,2023,9,6.0,82,6275.319444444444,13.067063872357096,118715.29,13.206666666666667,0.0,0.0,16.4
454,2023,9,7.0,290,4396.25,65.96531134489622,97385.67,13.206666666666667,0.0,0.0,16.4
455,2023,9,8.0,244,4217.2307692307695,57.85787246461403,105905.3,13.206666666666667,0.0,0.0,16.4
456,2023,9,9.0,325,3573.901785714286,90.93702610941922,86731.65,13.206666666666667,0.0,0.0,16.4
457,2023,9,10.0,273,5601.539473684211,48.73660201495359,101744.58,13.206666666666667,0.0,0.0,16.4
458,2023,9,11.0,198,4162.267241379311,47.57022759893377,106499.65,13.206666666666667,0.0,0.0,16.4
459,2023,9,12.0,113,8452.423076923076,13.36894745703326,108832.46,13.206666666666667,0.0,0.0,16.4
460,2023,9,13.0,78,8033.2307692307695,9.709667534855216,108758.98,13.206666666666667,0.0,0.0,16.4
461,2023,9,14.0,72,6499.383333333333,11.07797406420609,113770.84,13.206666666666667,0.0,0.0,16.4
462,2023,10,1.0,66,8493.416666666666,7.7707243845723655,122484.73,4.806451612903226,0.0,0.0,30.4
463,2023,10,2.0,55,10450.275,5.263019394226468,125593.48,4.806451612903226,0.0,0.0,30.4
464,2023,10,3.0,68,7179.25,9.471741477173799,117574.23,4.806451612903226,0.0,0.0,30.4
465,2023,10,4.0,138,5140.2,26.847204388934284,101800.18,4.806451612903226,0.0,0.0,30.4
466,2023,10,5.0,179,5484.1875,32.63929251142489,96028.92,4.806451612903226,0.0,0.0,30.4
467,2023,10,6.0,77,6275.319444444444,12.270291685018249,118715.29,4.806451612903226,0.0,0.0,30.4
468,2023,10,7.0,273,4396.25,62.09837930054023,97385.67,4.806451612903226,0.0,0.0,30.4
469,2023,10,8.0,212,4217.2307692307695,50.26995476433678,105905.3,4.806451612903226,0.0,0.0,30.4
470,2023,10,9.0,312,3573.901785714286,87.29954506504245,86731.65,4.806451612903226,0.0,0.0,30.4
471,2023,10,10.0,274,5601.539473684211,48.91512436665672,101744.58,4.806451612903226,0.0,0.0,30.4
472,2023,10,11.0,171,4162.267241379311,41.083378380897344,106499.65,4.806451612903226,0.0,0.0,30.4
473,2023,10,12.0,97,8452.423076923076,11.475999144532974,108832.46,4.806451612903226,0.0,0.0,30.4
474,2023,10,13.0,63,8033.2307692307695,7.84242377815229,108758.98,4.806451612903226,0.0,0.0,30.4
475,2023,10,14.0,86,6499.383333333333,13.232024576690609,113770.84,4.806451612903226,0.0,0.0,30.4
476,2023,11,1.0,67,8493.416666666666,7.888462632823463,122484.73,1.610344827586207,0.0,0.0,4.7
477,2023,11,2.0,51,10450.275,4.880254347373634,125593.48,1.610344827586207,0.0,0.0,4.7
478,2023,11,3.0,54,7179.25,7.521677055402724,117574.23,1.610344827586207,0.0,0.0,4.7
479,2023,11,4.0,154,5140.2,29.959923738375938,101800.18,1.610344827586207,0.0,0.0,4.7
480,2023,11,5.0,196,5484.1875,35.739113587928934,96028.92,1.610344827586207,0.0,0.0,4.7
481,2023,11,6.0,59,6275.319444444444,9.401911810598397,118715.29,1.610344827586207,0.0,0.0,4.7
482,2023,11,7.0,290,4396.25,65.96531134489622,97385.67,1.610344827586207,0.0,0.0,4.7
483,2023,11,8.0,262,4217.2307692307695,62.12607617101999,105905.3,1.610344827586207,0.0,0.0,4.7
484,2023,11,9.0,336,3573.901785714286,94.01489468543033,86731.65,1.610344827586207,0.0,0.0,4.7
485,2023,11,10.0,234,5601.539473684211,41.774230298531656,101744.58,1.610344827586207,0.0,0.0,4.7
486,2023,11,11.0,174,4162.267241379311,41.804139405123614,106499.65,1.610344827586207,0.0,0.0,4.7
487,2023,11,12.0,121,8452.423076923076,14.315421613283402,108832.46,1.610344827586207,0.0,0.0,4.7
488,2023,11,13.0,65,8033.2307692307695,8.091389612379349,108758.98,1.610344827586207,0.0,0.0,4.7
489,2023,11,14.0,68,6499.383333333333,10.462531060639087,113770.84,1.610344827586207,0.0,0.0,4.7
490,2023,12,1.0,84,8493.416666666666,9.890012853092102,122484.73,0.11290322580645155,0.0,0.0,13.9
491,2023,12,2.0,64,10450.275,6.124240749645344,125593.48,0.11290322580645155,0.0,0.0,13.9
492,2023,12,3.0,64,7179.25,8.914580213810634,117574.23,0.11290322580645155,0.0,0.0,13.9
493,2023,12,4.0,145,5140.2,28.20901910431501,101800.18,0.11290322580645155,0.0,0.0,13.9
494,2023,12,5.0,163,5484.1875,29.721813851185797,96028.92,0.11290322580645155,0.0,0.0,13.9
495,2023,12,6.0,87,6275.319444444444,13.863836059695943,118715.29,0.11290322580645155,0.0,0.0,13.9
496,2023,12,7.0,268,4396.25,60.96104634631788,97385.67,0.11290322580645155,0.0,0.0,13.9
497,2023,12,8.0,240,4217.2307692307695,56.90938275207938,105905.3,0.11290322580645155,0.0,0.0,13.9
498,2023,12,9.0,289,3573.901785714286,80.86400167883741,86731.65,0.11290322580645155,0.0,0.0,13.9
499,2023,12,10.0,211,5601.539473684211,37.668216209359734,101744.58,0.11290322580645155,0.0,0.0,13.9
500,2023,12,11.0,172,4162.267241379311,41.323632055639436,106499.65,0.11290322580645155,0.0,0.0,13.9
501,2023,12,12.0,95,8452.423076923076,11.239380605470439,108832.46,0.11290322580645155,0.0,0.0,13.9
502,2023,12,13.0,62,8033.2307692307695,7.717940861038762,108758.98,0.11290322580645155,0.0,0.0,13.9
503,2023,12,14.0,56,6499.383333333333,8.616202049938071,113770.84,0.11290322580645155,0.0,0.0,13.9
504,2024,1,1.0,62,,,122484.73,-9.716129032258063,0.0,0.0,14.7
505,2024,1,2.0,51,,,125593.48,-9.716129032258063,0.0,0.0,14.7
506,2024,1,3.0,63,,,117574.23,-9.716129032258063,0.0,0.0,14.7
507,2024,1,4.0,140,,,101800.18,-9.716129032258063,0.0,0.0,14.7
508,2024,1,5.0,178,,,96028.92,-9.716129032258063,0.0,0.0,14.7
509,2024,1,6.0,94,,,118715.29,-9.716129032258063,0.0,0.0,14.7
510,2024,1,7.0,174,,,97385.67,-9.716129032258063,0.0,0.0,14.7
511,2024,1,8.0,169,,,105905.3,-9.716129032258063,0.0,0.0,14.7
512,2024,1,9.0,235,,,86731.65,-9.716129032258063,0.0,0.0,14.7
513,2024,1,10.0,201,,,101744.58,-9.716129032258063,0.0,0.0,14.7
514,2024,1,11.0,124,,,106499.65,-9.716129032258063,0.0,0.0,14.7
515,2024,1,12.0,99,,,108832.46,-9.716129032258063,0.0,0.0,14.7
516,2024,1,13.0,69,,,108758.98,-9.716129032258063,0.0,0.0,14.7
517,2024,1,14.0,53,,,113770.84,-9.716129032258063,0.0,0.0,14.7
518,2024,2,1.0,48,,,122484.73,-4.425,0.0,0.0,11.4
519,2024,2,2.0,26,,,125593.48,-4.425,0.0,0.0,11.4
520,2024,2,3.0,46,,,117574.23,-4.425,0.0,0.0,11.4
521,2024,2,4.0,105,,,101800.18,-4.425,0.0,0.0,11.4
522,2024,2,5.0,157,,,96028.92,-4.425,0.0,0.0,11.4
523,2024,2,6.0,72,,,118715.29,-4.425,0.0,0.0,11.4
524,2024,2,7.0,211,,,97385.67,-4.425,0.0,0.0,11.4
525,2024,2,8.0,174,,,105905.3,-4.425,0.0,0.0,11.4
526,2024,2,9.0,197,,,86731.65,-4.425,0.0,0.0,11.4
527,2024,2,10.0,198,,,101744.58,-4.425,0.0,0.0,11.4
528,2024,2,11.0,132,,,106499.65,-4.425,0.0,0.0,11.4
529,2024,2,12.0,73,,,108832.46,-4.425,0.0,0.0,11.4
530,2024,2,13.0,61,,,108758.98,-4.425,0.0,0.0,11.4
531,2024,2,14.0,56,,,113770.84,-4.425,0.0,0.0,11.4
532,2024,3,1.0,53,,,122484.73,-4.606451612903226,0.0,0.0,25.299999999999997
533,2024,3,2.0,46,,,125593.48,-4.606451612903226,0.0,0.0,25.299999999999997
534,2024,3,3.0,43,,,117574.23,-4.606451612903226,0.0,0.0,25.299999999999997
535,2024,3,4.0,114,,,101800.18,-4.606451612903226,0.0,0.0,25.299999999999997
536,2024,3,5.0,172,,,96028.92,-4.606451612903226,0.0,0.0,25.299999999999997
537,2024,3,6.0,47,,,118715.29,-4.606451612903226,0.0,0.0,25.299999999999997
538,2024,3,7.0,231,,,97385.67,-4.606451612903226,0.0,0.0,25.299999999999997
539,2024,3,8.0,191,,,105905.3,-4.606451612903226,0.0,0.0,25.299999999999997
540,2024,3,9.0,266,,,86731.65,-4.606451612903226,0.0,0.0,25.299999999999997
541,2024,3,10.0,200,,,101744.58,-4.606451612903226,0.0,0.0,25.299999999999997
542,2024,3,11.0,137,,,106499.65,-4.606451612903226,0.0,0.0,25.299999999999997
543,2024,3,12.0,89,,,108832.46,-4.606451612903226,0.0,0.0,25.299999999999997
544,2024,3,13.0,67,,,108758.98,-4.606451612903226,0.0,0.0,25.299999999999997
545,2024,3,14.0,62,,,113770.84,-4.606451612903226,0.0,0.0,25.299999999999997
546,2024,4,1.0,63,,,122484.73,4.8100000000000005,0.0,0.0,39.400000000000006
547,2024,4,2.0,55,,,125593.48,4.8100000000000005,0.0,0.0,39.400000000000006
548,2024,4,3.0,76,,,117574.23,4.8100000000000005,0.0,0.0,39.400000000000006
549,2024,4,4.0,111,,,101800.18,4.8100000000000005,0.0,0.0,39.400000000000006
550,2024,4,5.0,163,,,96028.92,4.8100000000000005,0.0,0.0,39.400000000000006
551,2024,4,6.0,61,,,118715.29,4.8100000000000005,0.0,0.0,39.400000000000006
552,2024,4,7.0,224,,,97385.67,4.8100000000000005,0.0,0.0,39.400000000000006
553,2024,4,8.0,218,,,105905.3,4.8100000000000005,0.0,0.0,39.400000000000006
554,2024,4,9.0,251,,,86731.65,4.8100000000000005,0.0,0.0,39.400000000000006
555,2024,4,10.0,238,,,101744.58,4.8100000000000005,0.0,0.0,39.400000000000006
556,2024,4,11.0,128,,,106499.65,4.8100000000000005,0.0,0.0,39.400000000000006
557,2024,4,12.0,87,,,108832.46,4.8100000000000005,0.0,0.0,39.400000000000006
558,2024,4,13.0,80,,,108758.98,4.8100000000000005,0.0,0.0,39.400000000000006
559,2024,4,14.0,66,,,113770.84,4.8100000000000005,0.0,0.0,39.400000000000006
560,2024,5,1.0,78,,,122484.73,9.438709677419356,0.0,0.0,38.3
561,2024,5,2.0,77,,,125593.48,9.438709677419356,0.0,0.0,38.3
562,2024,5,3.0,57,,,117574.23,9.438709677419356,0.0,0.0,38.3
563,2024,5,4.0,133,,,101800.18,9.438709677419356,0.0,0.0,38.3
564,2024,5,5.0,169,,,96028.92,9.438709677419356,0.0,0.0,38.3
565,2024,5,6.0,68,,,118715.29,9.438709677419356,0.0,0.0,38.3
566,2024,5,7.0,290,,,97385.67,9.438709677419356,0.0,0.0,38.3
567,2024,5,8.0,220,,,105905.3,9.438709677419356,0.0,0.0,38.3
568,2024,5,9.0,257,,,86731.65,9.438709677419356,0.0,0.0,38.3
569,2024,5,10.0,242,,,101744.58,9.438709677419356,0.0,0.0,38.3
570,2024,5,11.0,133,,,106499.65,9.438709677419356,0.0,0.0,38.3
571,2024,5,12.0,93,,,108832.46,9.438709677419356,0.0,0.0,38.3
572,2024,5,13.0,66,,,108758.98,9.438709677419356,0.0,0.0,38.3
573,2024,5,14.0,62,,,113770.84,9.438709677419356,0.0,0.0,38.3
574,2024,6,1.0,67,,,122484.73,12.946666666666665,0.0,0.0,67.8
575,2024,6,2.0,56,,,125593.48,12.946666666666665,0.0,0.0,67.8
576,2024,6,3.0,45,,,117574.23,12.946666666666665,0.0,0.0,67.8
577,2024,6,4.0,131,,,101800.18,12.946666666666665,0.0,0.0,67.8
578,2024,6,5.0,156,,,96028.92,12.946666666666665,0.0,0.0,67.8
579,2024,6,6.0,87,,,118715.29,12.946666666666665,0.0,0.0,67.8
580,2024,6,7.0,269,,,97385.67,12.946666666666665,0.0,0.0,67.8
581,2024,6,8.0,255,,,105905.3,12.946666666666665,0.0,0.0,67.8
582,2024,6,9.0,288,,,86731.65,12.946666666666665,0.0,0.0,67.8
583,2024,6,10.0,246,,,101744.58,12.946666666666665,0.0,0.0,67.8
584,2024,6,11.0,146,,,106499.65,12.946666666666665,0.0,0.0,67.8
585,2024,6,12.0,114,,,108832.46,12.946666666666665,0.0,0.0,67.8
586,2024,6,13.0,82,,,108758.98,12.946666666666665,0.0,0.0,67.8
587,2024,6,14.0,44,,,113770.84,12.946666666666665,0.0,0.0,67.8
588,2024,7,1.0,80,,,122484.73,19.932258064516127,0.0,0.0,41.199999999999996
589,2024,7,2.0,78,,,125593.48,19.932258064516127,0.0,0.0,41.199999999999996
590,2024,7,3.0,43,,,117574.23,19.932258064516127,0.0,0.0,41.199999999999996
591,2024,7,4.0,101,,,101800.18,19.932258064516127,0.0,0.0,41.199999999999996
592,2024,7,5.0,176,,,96028.92,19.932258064516127,0.0,0.0,41.199999999999996
593,2024,7,6.0,74,,,118715.29,19.932258064516127,0.0,0.0,41.199999999999996
594,2024,7,7.0,265,,,97385.67,19.932258064516127,0.0,0.0,41.199999999999996
595,2024,7,8.0,287,,,105905.3,19.932258064516127,0.0,0.0,41.199999999999996
596,2024,7,9.0,342,,,86731.65,19.932258064516127,0.0,0.0,41.199999999999996
597,2024,7,10.0,240,,,101744.58,19.932258064516127,0.0,0.0,41.199999999999996
598,2024,7,11.0,132,,,106499.65,19.932258064516127,0.0,0.0,41.199999999999996
599,2024,7,12.0,129,,,108832.46,19.932258064516127,0.0,0.0,41.199999999999996
600,2024,7,13.0,66,,,108758.98,19.932258064516127,0.0,0.0,41.199999999999996
601,2024,7,14.0,61,,,113770.84,19.932258064516127,0.0,0.0,41.199999999999996
602,2024,8,1.0,79,,,122484.73,16.62258064516129,0.0,0.0,80.9
603,2024,8,2.0,55,,,125593.48,16.62258064516129,0.0,0.0,80.9
604,2024,8,3.0,52,,,117574.23,16.62258064516129,0.0,0.0,80.9
605,2024,8,4.0,111,,,101800.18,16.62258064516129,0.0,0.0,80.9
606,2024,8,5.0,168,,,96028.92,16.62258064516129,0.0,0.0,80.9
607,2024,8,6.0,88,,,118715.29,16.62258064516129,0.0,0.0,80.9
608,2024,8,7.0,301,,,97385.67,16.62258064516129,0.0,0.0,80.9
609,2024,8,8.0,276,,,105905.3,16.62258064516129,0.0,0.0,80.9
610,2024,8,9.0,307,,,86731.65,16.62258064516129,0.0,0.0,80.9
611,2024,8,10.0,211,,,101744.58,16.62258064516129,0.0,0.0,80.9
612,2024,8,11.0,141,,,106499.65,16.62258064516129,0.0,0.0,80.9
613,2024,8,12.0,113,,,108832.46,16.62258064516129,0.0,0.0,80.9
614,2024,8,13.0,73,,,108758.98,16.62258064516129,0.0,0.0,80.9
615,2024,8,14.0,58,,,113770.84,16.62258064516129,0.0,0.0,80.9
616,2024,9,1.0,74,,,122484.73,14.172413793103448,0.0,0.0,63.7
617,2024,9,2.0,53,,,125593.48,14.172413793103448,0.0,0.0,63.7
618,2024,9,3.0,52,,,117574.23,14.172413793103448,0.0,0.0,63.7
619,2024,9,4.0,133,,,101800.18,14.172413793103448,0.0,0.0,63.7
620,2024,9,5.0,183,,,96028.92,14.172413793103448,0.0,0.0,63.7
621,2024,9,6.0,81,,,118715.29,14.172413793103448,0.0,0.0,63.7
622,2024,9,7.0,289,,,97385.67,14.172413793103448,0.0,0.0,63.7
623,2024,9,8.0,280,,,105905.3,14.172413793103448,0.0,0.0,63.7
624,2024,9,9.0,344,,,86731.65,14.172413793103448,0.0,0.0,63.7
625,2024,9,10.0,235,,,101744.58,14.172413793103448,0.0,0.0,63.7
626,2024,9,11.0,152,,,106499.65,14.172413793103448,0.0,0.0,63.7
627,2024,9,12.0,114,,,108832.46,14.172413793103448,0.0,0.0,63.7
628,2024,9,13.0,65,,,108758.98,14.172413793103448,0.0,0.0,63.7
629,2024,9,14.0,64,,,113770.84,14.172413793103448,0.0,0.0,63.7
630,2024,10,1.0,72,,,122484.73,7.026666666666667,0.0,0.0,2.4
631,2024,10,2.0,56,,,125593.48,7.026666666666667,0.0,0.0,2.4
632,2024,10,3.0,80,,,117574.23,7.026666666666667,0.0,0.0,2.4
633,2024,10,4.0,128,,,101800.18,7.026666666666667,0.0,0.0,2.4
634,2024,10,5.0,188,,,96028.92,7.026666666666667,0.0,0.0,2.4
635,2024,10,6.0,79,,,118715.29,7.026666666666667,0.0,0.0,2.4
636,2024,10,7.0,262,,,97385.67,7.026666666666667,0.0,0.0,2.4
637,2024,10,8.0,263,,,105905.3,7.026666666666667,0.0,0.0,2.4
638,2024,10,9.0,275,,,86731.65,7.026666666666667,0.0,0.0,2.4
639,2024,10,10.0,266,,,101744.58,7.026666666666667,0.0,0.0,2.4
640,2024,10,11.0,164,,,106499.65,7.026666666666667,0.0,0.0,2.4
641,2024,10,12.0,114,,,108832.46,7.026666666666667,0.0,0.0,2.4
642,2024,10,13.0,82,,,108758.98,7.026666666666667,0.0,0.0,2.4
643,2024,10,14.0,88,,,113770.84,7.026666666666667,0.0,0.0,2.4
644,2024,11,1.0,44,,,122484.73,-3.9066666666666667,0.0,0.0,29.0
645,2024,11,2.0,60,,,125593.48,-3.9066666666666667,0.0,0.0,29.0
646,2024,11,3.0,56,,,117574.23,-3.9066666666666667,0.0,0.0,29.0
647,2024,11,4.0,104,,,101800.18,-3.9066666666666667,0.0,0.0,29.0
648,2024,11,5.0,163,,,96028.92,-3.9066666666666667,0.0,0.0,29.0
649,2024,11,6.0,76,,,118715.29,-3.9066666666666667,0.0,0.0,29.0
650,2024,11,7.0,239,,,97385.67,-3.9066666666666667,0.0,0.0,29.0
651,2024,11,8.0,223,,,105905.3,-3.9066666666666667,0.0,0.0,29.0
652,2024,11,9.0,224,,,86731.65,-3.9066666666666667,0.0,0.0,29.0
653,2024,11,10.0,224,,,101744.58,-3.9066666666666667,0.0,0.0,29.0
654,2024,11,11.0,140,,,106499.65,-3.9066666666666667,0.0,0.0,29.0
655,2024,11,12.0,96,,,108832.46,-3.9066666666666667,0.0,0.0,29.0
656,2024,11,13.0,88,,,108758.98,-3.9066666666666667,0.0,0.0,29.0
657,2024,11,14.0,50,,,113770.84,-3.9066666666666667,0.0,0.0,29.0
